Trial,Time
0,0.0006880000
1,0.0006677000
2,0.0006581000
3,0.0006693000
4,0.0006702000
5,0.0006864000
6,0.0006578000
7,0.0006626000
8,0.0006682000
9,0.0006738000
10,0.0006544000
11,0.0006643000
12,0.0006601000
13,0.0006607000
14,0.0006653000
15,0.0006677000
16,0.0006745000
17,0.0006615000
18,0.0006460000
19,0.0006479000
