Trial,Time
0,0.0000608000
1,0.0000677999
2,0.0000537999
3,0.0000531999
4,0.0000681001
5,0.0000654000
6,0.0000629000
7,0.0000552000
8,0.0000589000
9,0.0000574001
