Trial,Time
0,0.0001371001
1,0.0001245000
2,0.0001273000
3,0.0001238000
4,0.0001150999
5,0.0001156999
6,0.0001208000
7,0.0001152001
8,0.0001156001
9,0.0001171001
