Trial,Selection Sort,Quick Sort
1,0.0111513,0.0008544
2,0.0111642,0.0008475
3,0.0115543,0.0008844
4,0.0113718,0.0008328
5,0.0111010,0.0008339
6,0.0113204,0.0008351
7,0.0110997,0.0008332
8,0.0109661,0.0008903
9,0.0112328,0.0008516
10,0.0110787,0.0008269
11,0.0111206,0.0008392
12,0.0110280,0.0009518
13,0.0111018,0.0008363
14,0.0110215,0.0008287
15,0.0110126,0.0008311
16,0.0111956,0.0008237
17,0.0110142,0.0008244
18,0.0110256,0.0008407
19,0.0109282,0.0008111
20,0.0110958,0.0010091
