Trial,Selection Sort,Quick Sort
1,0.0000014,0.0000007
2,0.0000004,0.0000001
3,0.0000003,0.0000002
4,0.0000007,0.0000006
5,0.0000004,0.0000004
6,0.0000003,0.0000002
7,0.0000003,0.0000001
8,0.0000010,0.0000006
9,0.0000002,0.0000002
10,0.0000002,0.0000002
11,0.0000002,0.0000001
12,0.0000002,0.0000001
13,0.0000002,0.0000001
14,0.0000001,0.0000001
15,0.0000002,0.0000002
16,0.0000002,0.0000001
17,0.0000002,0.0000001
18,0.0000002,0.0000001
19,0.0000002,0.0000001
20,0.0000002,0.0000002
