Trial,Selection Sort,Quick Sort
1,0.0000037,0.0000028
2,0.0000024,0.0000014
3,0.0000014,0.0000024
4,0.0000013,0.0000022
5,0.0000008,0.0000011
6,0.0000007,0.0000007
7,0.0000006,0.0000006
8,0.0000007,0.0000007
9,0.0000006,0.0000006
10,0.0000006,0.0000005
11,0.0000006,0.0000006
12,0.0000005,0.0000006
13,0.0000006,0.0000006
14,0.0000005,0.0000006
15,0.0000006,0.0000006
16,0.0000006,0.0000006
17,0.0000006,0.0000006
18,0.0000006,0.0000005
19,0.0000006,0.0000006
20,0.0000006,0.0000006
