Trial,Selection Sort,Quick Sort
1,0.0126544,0.0009071
2,0.0109682,0.0007993
3,0.0117014,0.0007161
4,0.0111941,0.0010755
5,0.0110962,0.0007887
6,0.0111615,0.0008925
7,0.0107675,0.0008251
8,0.0112875,0.0009833
9,0.0108004,0.0007875
10,0.0111687,0.0008259
11,0.0109647,0.0007728
12,0.0109626,0.0007482
13,0.0110098,0.0007742
14,0.0108588,0.0007502
15,0.0108903,0.0007939
16,0.0112228,0.0008830
17,0.0109235,0.0008752
18,0.0118518,0.0008064
19,0.0115833,0.0007794
20,0.0113223,0.0009971
